"Reporting Year Identifier","Last Name","First Name","Middle Initial","Street Address","Country Code","Gender","Grade Level","ACT ID/SSN","Phone Type","Date of Birth","Phone Number","City","State Code","State","Zip","Expanded Date of Birth","Combined English/Writing Score","Writing Subscore","National Norms","Comments on Essay","ACT Score Before 10/89","State-Assigned Student ID","High School Code","High School English Grades","High School Math Grades","High School Social Studies Grades","High School Science Grades","High School Average","High School Grad Year","Expanded Test Date","Test Date","Test Location","Canadian Province","Canadian Postal Code","Corrected Report Indicator","ACT English Score","ACT Math Score","ACT Reading Score","ACT Science Score","ACT Composite Score","Sum of Scale Scores","Science Interest","Arts Interest","Social Service Interest","Business Contact Interest","Business Operations Interest","Technical Interest","Map Region 1","Map Region 2","Map Region 3","College Choice Number","College Code","Usage/Mech Subscore","Rhetorical Skills Subscore","Elem Algebra Subscore","Alg/Coord Geom Subscore","Plane Geom/Trig Subscore","Soc Stud/Sci Subscore","Arts/Lit Subscore","Usage/Mech National Norm","Rhetorical Skills National Norm","Elem Algebra National Norm","Alg/Coord Geom National Norm","Plane Geom/Trig National Norm","Soc Stud/Sci National Norm","Arts/Lit National Norm","Usage/Mech Local Norm","Rhetorical Skills Local Norm","Elem Algebra Local Norm","Alg/Coord Geom Local Norm","Plane Geom/Trig Local Norm","Soc Stud/Sci Local Norm","Arts/Lit Local Norm","Science Interest Percentile","Arts Interest Percentile","Social Service Interest Percentile","Business Contact Interest Percentile","Business Operations Interest Percentile","Technical Interest","Local ID Number","Mobility Index","Institution Type Index","Selectivity Index","Institution Size Index","Interest Major Fit Index","Student Profile Section","Email","EOS Release","Religious Affiliation","Hispanic/Latino","Am Indian/AK Native","Asian","Black/African American","Hawaiian/Pacific","White","Pref no response","Multiracial","Eng 9 Taken/Planned","Eng 10 Taken/Planned","Eng 11 Taken/Planned","Eng 12 Taken/Planned","Eng Other Taken/Planned","Algebra 1 Taken/Planned","Algebra 2 Taken/Planned","Geometry Taken/Planned","Trig Taken/Planned","Calculus Taken/Planned","Other Math Taken/Planned","Computer Taken/Planned","Gen Sci Taken/Planned","Biology Taken/Planned","Chem Taken/Planned","Physics Taken/Planned","US Hist Taken/Planned","World Hist Taken/Planned","Other Hist Taken/Planned","Government Taken/Planned","Economics Taken/Planned","Geography Taken/Planned","Psychology Taken/Planned","Spanish Taken/Planned","French Taken/Planned","German Taken/Planned","Other Lang Taken/Planned","Art Taken/Planned","Music Taken/Planned","Drama Taken/Planned","Eng 9 Grade","Eng 10 Grade","Eng 11 Grade","Eng 12 Grade","Eng Other Grade","Algebra 1 Grade","Algebra 2 Grade","Geometry Grade","Trig Grade","Calculus Grade","Other Math Grade","Computer Grade","Gen Sci Grade","Biology Grade","Chem Grade","Physics Grade","US Hist Grade","World Hist Grade","Other Hist Grade","Government Grade","Economics Grade","Geography Grade","Psychology Grade","Spanish Grade","French Grade","German Grade","Other Lang Grade","Art Grade","Music Grade","Drama Grade","State Assigned ID","College Predicative Information","English Scale Score National Norm","Math Scale Score National Norm","Reading Scale Score National Norm","Science Scale Score National Norm","Composite Scale Score National Norm","Norms Type"
"14","BERG                     ","EARL            ","P","PO BOX 9998                             ","US","4M","11","914000012","1","100398","          ","NAVAL AIR STATION-MEMPHIS","43","TN","38054    ","19981003","23","08","6986","42      ","          ","0004569752665","053240","30","28","30","30","294","2016","201503","0315","S","  ","       "," ","23","24","24","28","25","099","63","57","4 ","46","0 ","44","08","09","10","","1356","12","11","14","13","11","14","11","71","60","81","83","63","82","57","71","53","80","82","56","80","45","91","77","28","35","51","28","        ","19","08","12","13","  ","   1 311  860999   335  1       1                            121365 512110503      95562341725 17388868      11 1       1                    1    1 1 ","A.ABCDEFGHIJKLMNOP@YAHOO.COM                      ","1","34","3","1"," "," "," "," "," "," ","1","1","1","2","3","1","1","1","1","2","1","3","1","1","1","2","1","1","1","2","2","3","3","1","3","3","3","2","3","2","3","3"," "," "," ","4","2","3","2"," "," "," "," ","3","3"," "," ","3"," "," "," "," "," ","3"," "," "," "," "," "," ","4569752665","6471659581------------------------------------------------------------","68","74","71","93","79","0"
"14","WALTON                   ","WILLIAM         ","M","801 E 132ND STREET                      ","US","4M","11","-91400003","2","123198","1987654321","BURNSVILLE               ","24","MN","55337    ","19981231","22","08","6186","3353    ","          ","1231866644533","101842","27","28","30","33","295","2016","201504","0415","S","  ","       "," ","22","18","24","24","22","088","--","--","- ","--","- ","--","--","--","--","","1356","11","11","08","11","09","13","12","64","60","32","64","38","76","65","60","53","18","55","24","73","54","--","--","--","--","--","--","        ","03","06","16","18","27","   3 511  300360   113  1  11                                112 56 224141005      91       1  16167668999    1                     1                 ","ABCDEFGHIJKLMNOPQRSTUVWXY.PQRSTUVWXYZABCDE@YAHOO.C","1","01","1"," "," "," "," "," ","6"," ","1","1","1","2","3","1","1","1","1","3","1","3","1","1","1","3","1","1","1","2","2","1","2","1","3","3","3","1","3","3","2","3","3"," "," ","3","3","2","3"," ","3"," ","2","4","4"," ","3","3","3"," "," ","3"," ","3"," "," "," "," "," "," ","          ","5625657653------------------------------------------------------------","63","41","71","77","62","0"
"14","BEST                     ","PETE            ","M","2532 BARTLET RD - APT 1A                ","US","4M","11","-91400011","2","090898","5061723456","XANADU                   ","16","IA","52241    ","19980908","21","08","5586","3342    ","          ","0000156646978","101842","27","28","30","33","295","2016","201503","0315","S","  ","       "," ","20","21","16","24","20","081","--","--","- ","--","- ","--","--","--","--","","1356","10","11","09","15","07","09","06","56","60","40","95","15","40","16","47","53","26","98","07","30","07","--","--","--","--","--","--","        ","03","14","25","16","89","   3 511  300360   113  1  11                                112 56 224141005      91       1  16167668999    1                     1                 ","BEST.PETE@YAHOO.COM                               ","1","01","1"," "," "," "," "," ","6"," ","1","1","1","2","3","1","1","1","1","3","1","3","1","1","1","3","1","1","1","2","2","1","2","1","3","3","3","1","3","3","2","3","3"," "," ","3","3","2","3"," ","3"," ","2","4","4"," ","3","3","3"," "," ","3"," ","3"," "," "," "," "," "," ","0156646978","3946127634------------------------------------------------------------","50","57","25","77","48","0"
"14","BLAU                     ","BIANCA          ","D","620 W WASHINGTON AVE                    ","US","4M","12","-91400010","2","121297","          ","COLO' SPRINGS            ","06","CO","809162248","19971212","--","--","----","--------","          ","0005213694543","060748","37","35","33","40","361","2015","201503","0315","S","  ","       "," ","25","23","18","25","23","091","40","49","9 ","65","4 ","53","01","02","03","","1356","12","14","12","12","12","11","07","71","86","66","74","72","59","23","54","79","46","59","48","35","05","17","45","82","93","65","60","        ","43","44","36","21","65","1  2 31   330330   223                           1      111  213866 3131106        94136452715 36388886999   1             1    1                 111 ","BLAU.BIANCA@YAHOO.COM                             ","1","28","2"," "," "," "," ","5"," "," ","1","1","1","2","2","1","1","1","1","3","2","3","1","1","1","2","1","1","3","1","1","2","2","1","3","3","3","1","3","3","4","4","3"," "," ","4","3","4","3"," "," "," ","4","4","4"," ","3","4"," ","3","3"," "," ","4"," "," "," ","4"," "," ","5213694543","6644097042------------------------------------------------------------","78","67","35","84","68","0"
"14","BOULDER                  ","FIRST.PERIOD    ","C","1301 MARCY ST                           ","US","6F","10","-91400009","1","101999","3191234567","DENVER                   ","06","CO","802028692","19991019","--","--","----","--------","          ","             ","060244","40","40","40","40","400","2017","201504","0415","S","  ","       "," ","30","27","28","29","29","114","54","59","9 ","49","3 ","42","10","11","12","","1356","17","14","15","14","14","14","15","96","86","87","92","90","82","85","96","79","77","89","82","70","76","65","82","82","46","24","22","        ","24","55","41","25","66","1  1 311  530530   224 211112  1             11222 112 2222 1113677 513211406      84364271514 17388889499  1111211222 112 2222 1  111               1","BOULDER.STSTYPE@YAHOO.COM                         ","1","07","3"," "," "," "," ","5"," "," ","1","1","1","2","3","1","1","1","3","2","2","3","2","1","1","1","1","1","2","1","3","3","1","3","3","1","3","3","1","3","4","4","4"," "," ","4","4","4"," "," "," "," "," ","4","4","4","4","4"," ","4"," "," ","4"," "," ","4"," "," ","4"," ","          ","9180739292------------------------------------------------------------","93","88","85","95","93","0"
"14","BROWN                    ","AMY             ","S","                                        ","US","4M","11","-91400008","2","031597","2345678901","FT. MADISON              ","16","IA","52241    ","19970315","--","--","----","--------","          ","3226548952   ","263197","40","40","40","40","400","2015","201403","0314","S","  ","       "," ","35","34","36","31","34","136","66","36","2 ","60","3 ","47","05","08","  ","","1356","18","16","17","17","16","18","18","99","98","96","99","98","99","99","99","97","96","99","98","99","99","94","08","89","83","90","38","        ","02","03","31","29","29","1  1 31   860860   335 212222 111            22111 212 1121 1112978 513110626      94153264714 17388888999  1111222222 212 1122 1  1                  ","BROWN.AMY@YAHOO.COM                               ","1","34","2"," "," "," "," ","5"," "," ","1","1","1","2","2","1","1","1","1","2","2","3","1","1","1","1","1","3","1","1","2","3","2","1","3","3","3","1","3","3","4","4"," "," "," ","4"," ","4"," "," "," "," ","4","4","4"," ","4"," ","4"," "," "," "," ","4"," "," "," ","4"," "," ","3226548952","9999999799------------------------------------------------------------","99","99","99","98","99","0"
"14","CAREY                    ","ZOIE            ","M","331 N DUBUQUE ST                        ","US","6F","12","-91400007","1","090295","          ","CHICAGO                  ","14","IL","60629    ","19950902","24","06","7437","32      ","          ","6588944856   ","241627","37","40","40","37","384","2013","201303","0313","S","  ","       "," ","27","27","22","25","25","101","60","52","3 ","55","3 ","73","05","06","07","","1356","14","15","13","14","14","09","15","83","92","74","92","90","40","85","72","87","49","81","77","15","76","84","57","61","70","90","99","        ","03","04","21","22","46","1  1 311  999999   334         1                1         1  212877 513111624      94642351715 17366664     11 1  1        1    1  1              1   ","CAREY.ZOIE@YAHOO.COM                              ","1","25","2"," "," "," "," ","5"," "," ","1","1","1","2","3","1","1","1","3","2","1","2","1","1","1","2","1","1","3","2","2","1","2","1","3","3","3","2","1","3","4","4","3"," "," ","4","4","4"," "," ","4"," ","4","3","4"," ","4","4"," "," "," ","4"," ","4"," "," "," "," ","4"," ","6588944856","7573356358------------------------------------------------------------","85","88","60","84","79","0"
"14","DRAKE                    ","JOHN            ","R","1200 S W AVE                            ","US","4M","11","-91400012","1","041598","5061723456","GALENA                   ","24","MN","         ","19980415","33","10","9999","233465  ","          ","0456684264596","162220","40","40","40","40","400","2016","201505","0515","S","  ","       "," ","35","36","36","35","36","142","66","62","5 ","60","1 ","42","08","09","10","","1356","18","16","18","18","18","18","18","99","98","99","99","99","99","99","99","97","99","99","99","99","99","94","89","68","83","55","22","        ","16","24","36","25","  ","1  1 311  861861   335        11              1              121878 416211426      92275461315 17388788     1111111        1    1  1 1 1          1   ","DRAKE.JOHN@YAHOO.COM                              ","1","25","3"," "," "," ","4"," "," "," ","1","1","1","2","3","1","1","1","1","2","2","3","1","1","1","3","1","1","1","1","3","3","3","1","3","3","3","3","1","3","4","4","4"," "," ","4","4","4","4"," "," "," ","4","4","4"," ","4","4","4","4"," "," "," ","4"," "," "," "," ","4"," ","          ","9999999999------------------------------------------------------------","99","99","99","99","99","0"
"14","LAST.PERIOD              ","ART             "," ","123 RIGHT ) PARENTESES                  ","ZM","4M","11","-91400006","1","093094","3191234567","KABWE                    ","55","FN","         ","19940930","28","09","9094","2434    ","          ","             ","143550","  ","  ","  ","  ","---","2012","201104","0411","S","  ","       "," ","29","35","32","31","32","127","--","--","- ","--","- ","--","--","--","--","","1356","15","16","18","18","16","16","17","88","98","99","99","98","94","97","81","97","99","99","96","88","95","--","--","--","--","--","--","        ","13","19","27","23","90","1  1 31   999882   334                                                614          9        17  63          1111                                      ","FAULK.ART@YAHOO.COM                               ","1","  ","2"," "," "," ","4"," "," "," ","1","1","1","2","3","1","1","1","2","2","1","2","2","1","1","1","1","1","1","2","2","3","3","1","3","3","3","2","3","3"," "," "," "," "," "," "," "," "," "," "," "," "," "," "," "," "," "," "," "," "," "," "," "," "," "," "," "," "," "," ","          ","8499919497------------------------------------------------------------","91","99","95","98","98","0"
"14","ROWE                     ","STEVE           ","S","3118 RAVEN ST                           ","US","4M","12","-91400005","1","010196","3191234567","PITTSBURGH               ","16","IA","52240    ","19960101","19","06","4137","32      ","          ","0345649787   ","160040","40","40","40","40","400","2014","201404","0414","S","  ","       "," ","21","22","16","23","21","082","80","46","6 ","52","4 ","58","06","07","08","","1356","11","11","11","12","11","08","07","64","60","58","74","63","29","23","42","32","28","49","31","07","06","99","35","33","59","65","80","        ","71","05","31","28","  ","1  1 311  867867   225        111            1         1    1115564 515141626      9 264351712 17388786999     1 1 111     1  1 1 1111      111   1   ","                                                  ","1","34","3"," ","2"," "," "," "," "," ","1","1","1","2","1","1","1","1","2","3","2","3","1","1","1","3","1","1","3","1","3","1","3","1","3","3","3","3","1","3","4","4","4"," ","4","4","4","4"," "," "," "," ","4","4","4"," ","4","4"," ","4"," ","4"," ","4"," "," "," "," ","4"," ","0345649787","2930054122------------------------------------------------------------","57","61","25","71","55","0"
"14","KELZENBERG               ","ANNE            ","C","2443 75TH ST                            ","  ","4M","11","-91400004","1","082091","3191234567","RAWDAT RASID             ","55","FN","         ","19910820","21","08","5586","33      ","          ","             ","500282","  ","  ","  ","  ","---","2009","200805","0508","S","  ","       "," ","21","25","18","22","22","086","--","--","- ","--","- ","--","--","--","--","","1356","10","12","12","14","12","11","06","56","71","66","92","72","59","16","31","48","39","81","44","34","04","--","--","--","--","--","--","        ","13","12","14","16","66","1  1 311  581581   223  1                              1  1  112966 51511          9 674152314  7368684       1            1                      1   ","                                                  ","1","01","2"," ","2"," "," "," "," "," ","1","1","2","2","3","1","1","1","2","3","2","3","3","1","1","2","1","1","1","2","2","3","3","1","3","3","3","3","3","3"," "," "," "," "," "," "," "," "," "," "," "," "," "," "," "," "," "," "," "," "," "," "," "," "," "," "," "," "," "," ","          ","2955113030------------------------------------------------------------","57","79","35","63","62","0"
"14","WITTENBERG               ","ROBIN           ","E","27 QUOTE "" AVE                          ","CA","6F","11","914000024","1","      ","3191234567","EDMONTON                 ","53","  ","         ","        ","--","--","----","--------","          ","9742266215   ","242125","  ","  ","  ","  ","---","2015","201405","0514","S","AB","W3V 9Q6"," ","29","32","34","27","31","122","40","44","3 ","34","3 ","38","04","11","  ","","1356","17","14","18","16","15","17","18","96","86","99","98","95","97","99","94","74","99","95","89","95","99","17","26","23","06","24","12","        ","50","62","39","22","54","1  1 311  606526   223  1  1    1             1           1 1111763 417111624      95451263715 17388888     1111  1    1        1   11              1 ","                                                  ","1","26","3"," "," ","3"," ","5"," "," ","1","1","1","2","3","1","1","1","1","2","2","3","1","1","1","2","1","1","3","1","2","3","2","1","3","3","3","3","1","3"," "," "," "," "," "," "," "," "," "," "," "," "," "," "," "," "," "," "," "," "," "," "," "," "," "," "," "," "," "," ","9742266215","8494987895------------------------------------------------------------","91","97","99","91","97","0"
"14","GEORGE                   ","TOM             ","E","P.O. BOX 123                            ","US","4M","11","-91400002","1","      ","          ","NEW YORK CITY            ","16","IA","52241    ","        ","30","10","9599","34      ","          ","             ","500500","38","35","40","40","381","2013","201205","0512","S","  ","       "," ","30","24","36","32","31","122","59","62","2 ","60","9 ","61","99","  ","  ","","1356","15","16","12","12","13","18","18","88","98","66","74","82","99","99","81","97","39","49","60","99","99","81","89","89","83","45","87","        ","26","30","25","20","  ","1  1 311  252252   115  1                    1               113534 212115024      84643251714 1735555 8      11 1  1   1     1 1 1111              1 ","GEORGE.TOM@YAHOO.COM                              ","1","25","2","1"," "," "," "," "," "," ","1","1","1","2","1","1","1","1","3","2","1","3","1","1","1","2","1","1","3","1","2","3","1","3","3","1","3","3","1","3","3","4","4"," ","4","3","3","4"," "," ","4"," ","4","4","4"," ","4","4"," ","4"," "," ","4"," "," ","4"," "," ","4"," ","          ","8846999595------------------------------------------------------------","93","74","99","98","97","0"
"14","GRAY                     ","BARB            ","A","                                        ","MX","6F","11","-91400013","1","061198","1987654321","MEXICO CITY              ","55","FN","         ","19980611","--","--","----","--------","          ","             ","162700","40","40","40","37","392","2016","201512","1215","Z","  ","       "," ","23","26","24","28","25","101","39","51","3 ","43","6 ","47","11","12","01","","1356","12","11","14","12","14","12","13","71","60","81","74","90","69","71","52","32","60","49","77","47","54","13","52","61","24","35","38","        ","05","03","15","18","  ","1  1 311  899899   226          1                            113522 5 3111616      93473251613 17466666             1                                 ","GRAY.BARB@YAHOO.COM                               ","1","16","2"," "," "," "," ","5"," "," ","1","1","1","2","1","1","1","1","3","2","1","3","1","1","1","3","1","1","1","1","3","3","1","1","3","3","3","2","3","3","4","4","4"," ","4","4","4","4"," "," ","4"," ","4","4","3"," ","4","4","4","4"," "," ","4","4"," "," "," "," "," "," ","          ","4564498458------------------------------------------------------------","68","84","71","93","79","0"
"14","MILLER                   ","PENNY           ","K","3118 RAVEN ST                           ","US","4M","10","-91400014","1","051996","3191234567","IOWA CITY                ","16","IA","52240    ","19960519","--","--","----","--------","          ","             ","162172","40","30","40","35","363","2014","201202","0212","Z","  ","       "," ","32","26","36","36","33","130","66","57","9 ","49","3 ","55","09","10","11","","1356","16","16","14","13","14","18","18","92","98","81","83","90","99","99","89","97","60","65","77","99","99","94","77","82","46","24","70","        ","24","11","19","22","  ","1  1 311  895890   234  1   1  11              1        1   1112967 413112148      9 453672115 17388886     111111 1       11   11 1              1 1 ","HELD.PENNY@YAHOO.COM                              ","1","01","2"," "," "," "," ","5"," "," ","1","1","1","2","3","1","1","1","1","3","2","3","3","1","1","2","1","3","1","1","2","3","2","1","3","3","3","2","1","3","4","4","4"," "," ","3","3","3","3"," "," "," "," ","4","3"," ","4"," ","4","4"," "," "," ","4"," "," "," "," ","4"," ","          ","9364999998------------------------------------------------------------","96","84","99","99","99","0"
"14","FOUNTAIN                 ","ERIN            ","D","118 WALFORD AVE                         ","US","4M","11","914000025","1","123194","8199999999","DENVER                   ","51","WY","82718    ","19941231","23","06","6937","32      ","          ","             ","242217","40","40","40","40","400","2012","201104","0411","Z","  ","       "," ","26","31","32","35","31","124","80","51","3 ","52","4 ","46","08","09","  ","","1356","14","13","18","15","15","18","14","83","79","99","95","95","99","77","72","63","99","89","89","99","63","99","52","61","59","65","33","        ","18","15","22","17","91","1  1 311  545545   224  1     111                            112876 513112455      95364271523 17388888     1111 1      1       1   1            1  1 ","                                                  ","1","34","2"," "," "," "," ","5"," "," ","1","1","1","2","3","1","1","1","1","2","3","1","1","1","1","2","1","1","3","2","2","3","3","1","3","3","3","3","1","3","4","4","4"," "," ","4","4","4","4"," "," ","4","4","4","4"," ","4","4"," "," "," "," "," ","4"," "," "," "," ","4"," ","          ","6990919995------------------------------------------------------------","82","96","95","99","97","0"
"14","JONGS                    ","ED              ","D","                                        ","US","4M","14","-91400024","1","      ","          ","HOUSTON                  ","16","IA","522013834","        ","29","08","9386","3342    ","          ","             ","242217","40","40","40","40","400","2008","201006","0610","R","  ","       "," ","31","29","31","31","31","122","80","51","3 ","52","4 ","46","08","09","  ","","1356","17","15","17","14","15","17","14","96","92","96","92","95","97","77","94","87","91","81","89","95","63","99","52","61","59","65","33","        ","05","04","13","12","  ","1  1 311  545545   224  1     111                            112876 513112455      95364271523 17388888     111111      1       1   1            1  1 ","JONGS.ED@YAHOO.COM                                ","1","34","2"," "," "," "," ","5"," "," ","1","1","1","2","3","1","1","1","1","2","3","1","1","1","1","2","1","1","3","2","2","3","3","1","3","3","3","3","1","3","4","4","4"," "," ","4","4","4","4"," "," ","4","4","4","4"," ","4","4"," "," "," "," "," ","4"," "," "," "," ","4"," ","          ","9184889495------------------------------------------------------------","94","93","93","98","97","0"
"14","SMITH                    ","GWEN            ","B","BOX #1292                               ","US","6F","10","-91400018","2","031597","3191234567","VESTAL                   ","33","NY","13851    ","19970315","36","12","9999","2526    ","          ","             ","052527","  ","  ","  ","  ","---","2015","201309","0913","R","  ","       "," ","36","27","34","31","32","128","63","61","0 ","68","3 ","58","12","01","02","","1356","18","18","15","14","14","18","17","99","99","87","92","90","99","97","99","99","70","81","77","99","95","91","86","99","96","90","80","        ","33","09","24","25","66","1  1 311  770770   115        1 1               1  1      1 1212977 513215555      9 354761232 17388784     111     1  1   1  1 1  1   1              ","KAS.GWE.N@YAHOO.COM                               ","1","01","2"," "," "," "," ","5"," "," ","1","1","1","2","2","1","1","1","1","2","1","1","1","1","1","1","1","1","2","3","3","1","1","1","3","3","3","1","2","2"," "," "," "," "," "," "," "," "," "," "," "," "," "," "," "," "," "," "," "," "," "," "," "," "," "," "," "," "," "," ","          ","9973989497------------------------------------------------------------","99","88","99","98","98","0"
"14","KRA'LL                   ","DON             ","H","100 E A ST @ APT 1                      ","US","4M","15","-91400025","2","022493","3191234567","CASPER                   ","51","WY","82601    ","19930224","--","--","----","--------","          ","             ","142955","40","40","40","40","400","2011","201406","0614","R","  ","       "," ","28","31","26","33","30","118","63","54","7 ","51","1 ","53","08","09","10","","1356","16","14","17","14","16","14","13","92","86","96","92","98","82","71","89","74","91","81","96","66","54","91","67","40","53","55","60","        ","42","32","28","18","70","1  1 311  552552   114 111111 11               1       1  1 122 977 513111405      95264351716 1735555 4    1111 1 1       1                      11  ","KRA'LL.DO'N@YAHOO.COM                             ","1","01","2"," "," "," "," ","5"," "," ","1","1","1","2","3","1","1","1","3","2","3","3","3","1","1","1","1","1","3","2","2","3","3","3","3","1","3","3","1","3","4","4","4"," "," ","4","4","4"," "," "," "," "," ","4","4","4","4","4"," "," "," "," "," "," "," ","4"," "," ","4"," ","          ","8190629791------------------------------------------------------------","88","96","78","99","95","0"
"14","LYONS                    ","EMBED SPACE     ","E","800 AVENUE %BOB LYONS                   ","US","4M","15","-91400020","1","031394","3191234567","COUNCIL BLUFFS           ","16","IA","515031267","19940313","26","08","8486","3353    ","          ","             ","140027","35","33","35","30","331","2012","201505","0515","I","  ","       "," ","27","30","22","29","27","108","59","53","2 ","61","9 ","57","99","  ","  ","","1356","13","15","17","15","15","13","10","78","92","96","95","95","76","47","62","87","91","89","89","56","24","81","62","89","87","82","75","        ","23","18","24","20","17","1  1 311  462462   223 211111 11             12222 212 1221 1221966 4131114        95562341715 17388666 9   1111112222 222 1221 1   11                ","LYONS.TED@YAHOO.COM                               ","1","34","2"," "," "," "," ","5"," "," ","1","1","2","2","3","1","1","1","1","2","3","2","3","1","1","2","1","1","3","1","1","3","3","1","3","3","3","3","1","3","3","4"," "," "," ","3","3","3","4"," "," "," "," ","3","3"," ","4","3"," ","3","4"," "," ","4"," "," "," "," ","4"," ","          ","7588358874------------------------------------------------------------","85","94","60","95","87","0"
"14","CLEIN                    ","JERRY           ","D","AF1 ONE' QUOTE                          ","US","4M","15","-91400021","1","010192","5061723456","KEY-WEST                 ","10","FL","33040    ","19920101","25","08","7986","3342    ","          ","             ","144285","40","40","40","35","388","2010","201311","1113","I","  ","       "," ","26","27","30","33","29","116","55","41","3 ","57","4 ","41","99","  ","  ","","1356","12","16","17","13","13","15","17","71","98","96","83","82","88","97","90","99","99","95","94","98","99","69","18","23","75","65","18","        ","22","15","22","19","  ","1  1 311  899880   125  1                      1       1     213844 513114419      93352176414 17355355        11          1       1              11  ","                                                  ","1","34","2"," "," "," "," ","5"," "," ","1","1","1","2","3","1","1","1","3","3","2","3","3","1","1","2","1","3","3","1","2","1","2","1","3","3","3","3","3","3","4","4","4"," "," ","4","4","4"," "," "," "," "," ","4","3"," ","4"," "," ","4"," ","4"," ","4"," "," "," "," "," "," ","          ","9697999999999999--------------779989--------------274031--------------","82","88","91","99","93","0"
"14","MERVIS                   ","ERIC            ","V","821 OTTO RD                             ","US","6F","14","-91400022","1","022394","          ","LINCOLN                  ","28","NE","685093249","19940223","29","08","9386","42      ","          ","             ","140187","30","40","37","35","354","2012","201402","0214","R","  ","       "," ","32","25","29","24","28","110","55","62","6 ","65","9 ","41","12","01","02","","1356","17","16","13","13","12","17","13","96","98","74","83","72","97","71","94","95","50","66","45","96","54","69","89","94","93","45","18","        ","30","14","23","18","  ","1  1 311  999301   323        1                           1  112977 513111414      94264153716 17388688999  1 1     1   1  1       1              1   ","MERVIS.ERIC@YAHOO.COM                             ","2","34","2"," "," "," "," ","5"," "," ","1","1","1","2","3","1","1","1","2","2","3","3","3","1","1","1","1","1","3","1","3","1","1","1","3","3","3","3","3","3","3","3"," "," "," ","4"," ","4"," "," "," "," "," ","4","3"," ","4","3"," "," "," ","4"," ","4"," "," "," "," "," "," ","          ","925678538273------------------96------------------30------------------","96","79","87","77","91","0"
"14","MAXIMUMRECORDLENGTHLASTNA","MAXIMUMRECLENGTH"," ","2100 SCOTT BLVD; LOT 37                 ","US","4M","15","-91400023","2","012576","2345678901","APOSTROPHE'VILLE         ","14","IL","62906    ","19760125","--","--","----","--------","          ","             ","164390","40","30","40","33","358","1994","199704","0497","I","  ","       "," ","16","19","23","21","20","079","53","56","9 ","65","9 ","44","02","03","  ","","1356","07","09","11","08","11","12","12","27","38","58","22","63","69","65","03","07","27","04","31","46","41","60","72","82","93","82","28","        ","32","20","17","14","  ","   1 311  999630   223     11 1              1 1          1 1112462 413211626      93452163712 26366666          111    1  111  1  111            111 ","MICKEVMAXIMUMREC.STESTYPEU@YAHOO.COM              ","1","25","2"," "," "," "," ","5"," "," ","1","1","1","2","2","1","1","1","3","2","3","1","1","1","1","2","1","1","1","1","2","1","2","1","3","3","3","3","1","3","4","4","4"," "," ","3","2","3"," "," "," ","4","4","4","2"," ","4","4","4","4"," ","4"," ","3"," "," "," "," ","4"," ","          ","031340201015------------------85------------------26------------------","29","47","66","56","48","0"
"14","MILLER                   ","JOSIE           ","M","20398 W GREENFIELD AVE APARTMENT 12     ","US","4M","13","-91400019","1","091989","3191234567","WAUKESHA                 ","48","WA","53186    ","19890919","--","--","----","--------","          ","             ","160583","40","40","40","40","400","2007","200801","0108","R","  ","       "," ","23","27","30","32","28","112","80","51","3 ","57","1 ","54","07","08","09","","1356","11","13","15","14","13","17","14","64","79","87","92","82","97","77","34","57","72","83","63","96","62","99","52","61","75","55","64","        ","53","07","28","19","95","1  1 311  550550   223  1      1                             112766 413112316      74453261 12 17355554     1              1       1              11  ","MILLER.JOSIE@YAHOO.COM                            ","1","20","2"," "," "," "," ","5"," "," ","1","1","1","2","2","1","1","1","1","2","2","2","1","1","1","2","1","1","2","2","2","2","2","1","3","3","3","3","3","3","4","4","4"," "," ","4","4","4","4"," "," "," ","4","4","4"," ","4","4"," "," "," "," "," ","4"," "," "," "," "," "," ","          ","387584958273------------------96------------------30------------------","68","88","91","98","91","0"
"14","MINNIE                   ","ROBERT          ","R","812 S 15TH ST                           ","US","4M","12","-91400015","1","021797","          ","FT. LAUDERDALE           ","14","IL","62821    ","19970217","33","10","9999","233465  ","          ","             ","162220","40","40","40","40","400","2015","201511","1115","Z","  ","       "," ","35","36","36","35","36","142","66","62","5 ","60","1 ","42","08","09","10","","1356","18","16","18","18","18","18","18","99","98","99","99","99","99","99","99","95","99","99","99","99","99","94","89","68","83","55","22","        ","17","17","26","19","86","1  1 311  861861   335        11              1              121878 413211426      92275461315 17388788     1111111        1    1  1 1 1          1   ","MINNIE.YTSTYPF@YAHOO.COM                          ","1","25","3"," "," "," "," ","5"," "," ","1","1","1","2","3","1","1","1","1","2","2","3","1","1","1","3","1","1","1","1","3","3","3","1","3","3","3","3","1","3","4","4","4"," "," ","4","4","4","4"," "," "," ","4","4","4"," ","4","4","4","4"," "," "," ","4"," "," "," "," ","4"," ","          ","999999999999------------------99------------------34------------------","99","99","99","99","99","0"
"14","MOUNTAIN                 ","SCOTT           ","L","                                        ","US","4M","11","914000022","2","      ","1987654321","AURORA                   ","06","CO","80014    ","        ","--","--","----","--------","          ","             ","160765","40","28","40","37","361","2010","200912","1209","Z","  ","       "," ","27","23","24","26","25","100","66","47","5 ","55","6 ","48","09","10","  ","","1356","15","14","13","09","12","14","10","88","86","74","36","72","82","47","78","71","50","10","45","67","20","94","40","68","70","35","43","        ","10","10","19","19","  ","   1 311  690766   235     11  1               1             112622 513111655      84543261712 16378684      1 1   1   1   1      1             1 11  ","MOUNTAIN.STSTYPE@YAHOO.COM                        ","1","34","2"," "," "," "," ","5"," "," ","1","1","1","1","3","1","1","1","1","2","3","3","1","1","1","2","1","1","3","2","2","1","1","1","3","3","3","3","3","3","4","4","4","4"," ","4","3","2","2"," "," "," ","4","4","3"," ","4","4"," "," "," ","4","4","3"," "," "," "," "," "," ","          ","713747735757------------------94------------------29------------------","85","67","71","88","79","0"
"14","NICKS                    ","ALI             ","M","10 N & S BERNICE AVE                    ","US","4M","12","-91400017","1","042497","3191234567","BALTIMORE                ","21","MD","21229    ","19970424","21","05","5511","32      ","          ","             ","140563","40","30","35","30","338","2015","201510","1015","Z","  ","       "," ","24","18","29","25","24","096","59","47","1 ","60","1 ","41","02","09","  ","","1356","11","13","10","10","08","15","14","64","79","48","51","25","88","77","34","57","17","19","05","78","62","81","40","53","83","18","18","        ","03","03","20","26","49","1  1 311  999999   334          1                           12 2 47 513110111      94261354715 26344444                    1    1                 1   ","NICKS.ALI@YAHOO.COM                               ","2","  ","2"," "," "," "," ","5"," "," ","1","1","1","2","3","1","1","1","3","3","2","3","2","1","1","1","1","1","1","1","2","2","2","1","3","3","3","3","3","3","4","4"," "," "," ","3"," ","3"," "," "," "," "," ","3","3"," "," ","4","3"," "," "," "," ","3"," "," "," "," "," "," ","          ","460978654727------------------88------------------27------------------","73","41","87","84","74","0"
"14","KUHL                     ","FIRST'APOSTROPHE","G","RT1 BOX 73                              ","CA","6F","11","914000021","1","020193","          ","TORONTO                  ","53","  ","         ","19930201","24","10","7499","23      ","          ","             ","141630","40","35","38","37","373","2011","201009","0910","F","ON","P7B 5E1"," ","22","23","24","23","23","092","59","41","1 ","49","5 ","35","09","10","  ","","1356","12","11","10","12","13","16","09","71","60","48","74","82","94","39","45","27","17","49","63","88","12","81","18","53","46","30","07","20570000","09","03","16","16","  ","1  1 31   860766   115 222222                22122 222 2112 1212678 3132414        54453261715 26388686999  2111222222 222 2222 2                     ","NINEOONEEXTRACTSTANRECORD.P@YAHOO.COM             ","1","34","2"," "," "," "," ","5"," "," ","1","1","1","2","3","1","1","1","1","2","1","1","3","1","1","1","1","1","3","1","1","3","3"," "," "," "," "," "," "," ","4","4","4"," "," ","4","4","4","2"," ","3","4"," ","4","4","3","3","4"," ","4","4"," "," "," "," "," "," "," "," "," ","          ","293747403657------------------94------------------29------------------","63","67","71","71","68","0"
"14","O' KELLEY                ","BRIAN           ","S","CARMEN SERDAN 342                       ","JP","4M","10","914000020","1","030295","          ","TOKYO                    ","55","FN","         ","19950302","27","08","8786","4253    ","          ","             ","502470","40","40","40","40","400","2013","201112","1211","F","  ","       "," ","29","32","27","30","30","118","--","--","- ","--","- ","--","--","--","--","","1356","16","14","18","15","15","17","10","92","86","99","95","95","97","47","87","71","99","90","91","96","20","--","--","--","--","--","--","        ","19","15","26","24","  ","1  1 311  999999   334                                 1  1  22 977  13 1          9        16 17388888      111        1  1                      11  ","OKELLEY.BRIANBOY@YAHOO.COM                        ","1","28","2"," "," "," "," ","5"," "," ","1","1","1","2","1","1","1","1","1","2","2","2","3","1","1","2","1","1","2","2","1","2","1","1","3","3","3","2","3","3","4","4"," "," "," ","4","4","4"," "," "," "," "," ","4","4"," ","4","4"," "," "," "," ","4","4"," "," "," "," "," "," ","          ","829567939299------------------99------------------33------------------","91","97","82","96","95","0"
"14","PARSONS                  ","DAVE            ","M","40 BYTES MAXIMUM STREET ADDRESS LENGTH D","US","4M","10","914000019","2","041599","3191234567","SOLON                    ","16","IA","52241    ","19990415","17","07","2851","215263  ","          ","             ","447335","37","37","40","37","375","2017","201504","0415","F","  ","       "," ","17","19","20","21","19","077","80","29","7 ","55","2 ","41","06","07","08","","1356","07","09","10","10","10","11","09","27","38","48","51","52","59","39","03","07","17","19","21","33","12","99","02","40","70","88","18","        ","40","15","32","27","74","   1 311  690875   115  11    11                             112312 414114405      95254361714 17355554      1 1           1    1                 1   ","PARSONS.DAVE@YAHOO.COM                            ","1","34","1"," "," "," "," ","5"," "," ","1","1","1","2","3","1","1","1","2","2","2","3","3","1","1","1","1","1","3","2","2","1","3","1","3","3","3","3","1","1","4","4","3"," "," ","4","4","3"," "," "," "," "," ","3","4","4","4","4"," "," "," ","4"," ","3"," "," "," "," ","4","4","          ","041318200627------------------88------------------27------------------","33","47","48","56","41","0"
"14","PURPLE                   ","ROSE            ","R","12 BROWN ST                             ","US","6F","11","914000018","1","092498","          ","SOLON'S CITY             ","16","IA","522411485","19980924","25","10","7999","243454  ","          ","             ","142530","33","20","33","37","308","2016","201510","1015"," ","  ","       "," ","24","21","28","24","24","097","56","39","5 ","48","4 ","35","08","09","10","","1356","13","12","11","11","10","15","13","78","71","58","64","52","88","71","57","42","27","35","21","78","54","73","14","07","41","06","07","        ","20","16","35","30","  ","1  1 311  860765   114 222222                22222 222 2221 2112865 413111416      93315462715 26388889969  1212122222 222 2222 1                     ","PURPLE.ROSE@YAHOO.COM                             ","1","40","2"," "," "," "," ","5"," "," ","1","1","1","2","3","1","1","1","2","3","3","3","1","1","1","2","1","1","1","2","2","3","3","3","1","3","3","3","3","3","3","3","4"," "," ","2","2","2"," "," "," "," ","3","4","4"," ","3","3","4"," "," "," "," "," ","3"," "," "," "," "," ","          ","462172534715------------------85------------------26------------------","73","57","85","77","74","0"
"14","SKY                      ","BLUE            ","A","                                        ","US","4M","08","914000017","1","061701","          ","GOLDEN                   ","06","CO","80401    ","20010617","24","06","7437","3241    ","          ","             ","502269","40","40","37","37","384","2019","201506","0615"," ","  ","       "," ","27","32","24","28","28","111","53","42","9 ","58","7 ","57","01","02","03","","1356","13","15","17","15","16","12","13","78","92","96","95","98","69","71","57","85","93","90","97","46","54","60","22","82","79","75","75","        ","65","61","26","21","  ","1  1 311  999999   334  1 11    1                      1  1 1212966 4131150        95145632714 17388888     11 11          1    1  1              111 ","SKI.YTSTYPE@YAHOO.COM                             ","1","34","2"," "," "," "," ","5"," "," ","1","1","2","2","3","1","1","1","1","2","1","1","1","1","1","1","1","1","3","1","1","2","2","1","3","3","3","3","3","1","4"," "," "," "," ","4","4","4","4"," ","4","4"," ","3","4","4","3","4"," "," ","4"," "," ","4"," "," "," "," "," ","4","          ","719547868295------------------98------------------32------------------","85","97","71","93","91","0"
"14","SMITH                    ","JOH N           ","A","1135 FRANKLIN ST                        ","US","4M","10","914000016","1","051398","9999999998","IOWA CITY                ","16","IA","52240    ","19980513","29","08","9386","3342    ","          ","             ","502269","40","40","38","37","386","2016","201408","0814","Z","  ","       "," ","32","27","29","25","28","113","53","42","9 ","58","7 ","57","01","02","03","","1356","15","18","13","14","15","15","14","88","99","74","92","95","88","77","78","99","50","83","91","78","62","60","22","82","79","75","75","        ","39","24","31","22","87","1  1 311  999999   334  1 11    1                      1  1 1212966 4131150        95145632714 17388888     11 11          1    1  1              111 ","SMITH.JOHN@YAHOO.COM                              ","1","34","2"," "," "," "," ","5"," "," ","1","1","2","2","3","1","1","1","1","2","1","1","1","1","1","1","1","1","3","1","1","2","2","1","3","3","3","3","3","1","4","4"," "," "," ","4","4","4","4"," ","4","4"," ","3","4","4","3","4"," ","4","4"," "," ","4"," "," "," "," "," ","4","          ","927578658295------------------98------------------32------------------","96","88","87","84","91","0"
"14","SMITH                    ","CINDY           ","M","                                        ","US","6F","08","914000015","1","030286","9999999998","IOWA CITY                ","16","IA","52240    ","19860302","16","06","2437","32      ","          ","             ","162310","38","30","35","37","348","2004","200002","0200"," ","  ","       "," ","17","20","15","15","17","067","40","51","2 ","68","6 ","46","12","01","02","","1356","09","08","11","10","09","06","09","44","27","58","51","38","10","39","12","03","27","19","10","01","12","17","52","89","96","35","33","        ","19","26","21","14","55","1  1 311  394394   114  1   1 111               11 1    111 1    63 213211626      93654321713 27286564999  11      1           1 11                1 ","SMITH.JOHN@YAHOO.COM                              ","1","28","2"," "," "," "," ","5"," "," ","1","1","1","2","1","1","1","1","2","3","2","3","1","1","1","3","1","1","3","2","2","1","3","1","3","3","3","3","3","3","3","4","4"," ","4","3","3","3"," "," "," "," ","4","3","4"," ","4","3"," "," "," "," "," ","3"," "," "," "," "," "," ","          ","041702010127------------------88------------------27------------------","33","52","19","14","28","0"
"14","LAST-DASH                ","KATHLEEN        ","M","60 E. PERIOD AVE                        ","US","6F","09","914000014","1","012798","          ","ST. VENICE               ","05","CA","94601    ","19980127","26","09","8494","24      ","          ","             ","164700","40","35","40","33","371","2016","201309","0913"," ","  ","       "," ","26","17","20","20","21","083","59","54","9 ","60","8 ","38","99","  ","  ","","1356","13","14","10","10","07","09","12","78","86","48","51","15","40","65","57","71","17","19","02","12","41","81","67","82","83","11","12","        ","52","78","35","16","  ","1  2 311  710710   113                                       112877 218111614      94163452712 17387888998    1    1       1    11 1              111 ","SMITH.RAY@YAHOO.COM                               ","1","  ","2"," "," "," "," "," ","6"," ","1","1","1","1","1","1","1","1","3","3","2","3","1","1","1","1","1","1","3","2","1","1","1","1","3","3","3","1","3","3","4","4","4"," ","4","4"," ","3"," "," "," "," ","4"," ","3","3","4","4"," "," "," ","4"," ","4"," "," "," ","4"," "," ","          ","640618131757------------------94------------------29------------------","82","34","48","47","55","0"
"14","LAST'APOSTROPHE          ","JOANNE          "," ","                                        ","US","6F","08","-91400016","2","072900","          ","BASCO                    ","14","IL","62313    ","20000729","--","--","----","--------","          ","             ","164520","  ","  ","  ","  ","---","2018","201410","1014"," ","  ","       "," ","21","17","23","14","19","075","--","--","- ","--","- ","--","--","--","--","","1356","10","11","09","09","09","12","12","56","60","40","36","38","69","65","23","27","10","10","10","46","41","--","--","--","--","--","--","        ","03","08","18","16","42","     31                                                               1                                                                               ","SNOOPY.YTSTYPE@YAHOO.COM                          ","1","  ","3"," "," ","3"," "," "," "," "," "," "," "," "," "," "," "," "," "," "," "," "," "," "," "," "," "," "," "," "," "," "," "," "," "," "," "," "," "," "," "," "," "," "," "," "," "," "," "," "," "," "," "," "," "," "," "," "," "," "," "," "," "," "," "," "," "," "," "," ","          ","2206400106------------------------------------------------------------","57","34","66","11","41","0"
"14","MCKINLEY                 ","MARTHA          ","V","                                        ","US","6F","11","914000003","1","092497","2345678901","DENVER                   ","06","CO","802021579","19970924","30","09","9594","334253  ","          ","             ","141690","40","34","40","40","385","2015","201412","1214"," ","  ","       "," ","31","34","31","22","30","118","46","42","0 ","63","4 ","41","12","01","02","","1356","16","16","17","16","18","15","17","92","98","96","98","99","88","97","87","95","93","96","99","78","95","33","22","99","91","06","18","        ","29","24","20","14","60","1  5 31   390397   334 212222                22222 222 1211 2221624 4181114        95475231615 17388688999  1111112222 212 1221 1                     ","SNOW.YTSTYPE@YAHOO.COM                            ","1","14","3"," "," "," "," "," "," "," ","1","1","1","2","3","1","1","1","1","2","1","3","1","1","1","1","1","1","2","2","2","3","3"," "," "," "," "," "," "," ","4","4","4"," "," ","3","3","3","4"," ","4"," ","4","4","4","4","4","4"," "," "," "," "," "," "," "," "," "," "," "," ","          ","899988299299------------------99------------------33------------------","94","99","93","63","95","0"
"14","EMBEDDED SPACE           ","FIRST-DASH      ","D","27 1/2 DOVE                             ","US","4M","11","914000013","1","      ","          ","SOLON                    ","16","IA","52241    ","        ","23","08","6986","2233    ","          ","             ","141239","30","28","27","30","286","2016","201502","0215"," ","  ","       "," ","24","23","22","21","23","090","--","--","- ","--","- ","--","--","--","--","","1356","11","13","13","11","11","09","14","64","79","74","64","63","40","77","34","57","50","35","31","12","62","--","--","--","--","--","--","        ","02","04","12","10","46","     31   999999   33                                                 1                                                                               ","TAM.FRANK@YAHOO.COM                               ","1","  ","2"," "," ","3"," "," "," "," ","1","1","1","1","3","1","1","1","1","1","3","3","1","1","1","1","1","1","1","3","3","1","3","3","3","3","1","3","1","3","3","3","3"," "," ","3","4","2","2"," "," "," ","3","3","3","3","2","3"," "," "," ","3"," "," "," "," ","2"," ","4"," ","          ","463732203615------------------85------------------26------------------","73","67","60","56","68","0"
"14","SHIELDS                  ","MARY            ","M","                                        ","US","6F","12","914000023","1","042297","5061723456","WINSLOW                  ","14","IL","61089    ","19970422","--","--","----","--------","          ","             ","142890","40","40","40","40","400","2015","201504","0415","D","  ","       "," ","23","24","31","24","26","102","42","38","4 ","54","4 ","42","02","03","04","","1356","10","14","13","11","12","15","17","56","86","74","64","72","88","97","23","71","50","35","45","78","95","21","11","28","65","65","22","        ","02","02","19","18","27","1  1 311  513513   223          1               1   1       1122878 413111416      94451362714 17388884299  1  1    1   1  1    1 1               1 1 ","TWEETIE.STSTYPE@YAHOO.COM                         ","1","27","2"," "," "," "," ","5"," "," ","1","1","1","2","3","1","1","1","2","3","2","3","3","1","1","1","1","1","3","1","2","1","1","1","3","1","3","1","3","1","4","4","4"," "," ","4","4","4"," "," "," "," "," ","4","4","4","4","4"," ","4"," ","4"," ","3"," "," "," ","4"," ","4","          ","384788536673------------------96------------------30------------------","68","74","93","77","84","0"
"14","WHITE                    ","BOB             ","E","                                        ","US","6F","11","914000011","2","101696","          ","SOLON                    ","16","IA","         ","19961016","21","08","5586","3342    ","          ","             ","163245","40","35","30","40","363","2014","201306","0613"," ","  ","       "," ","20","22","20","19","20","081","--","--","- ","--","- ","--","--","--","--","","1356","10","11","12","11","10","12","08","56","60","66","64","52","69","31","23","27","39","35","21","46","07","--","--","--","--","--","--","        ","29","17","17","12","69","   1 311  340340   335          1                      1    1113966 413111626      65264153713 17388788             1      1    1                     ","WHITE.BOB@YAHOO.COM                               ","1","01","2"," "," "," "," ","5"," "," ","1","1","1","2","3","1","1","1","2","2","1","3","1","1","1","2","1","1","1","2","2","3","3","1","1","3","3","3","3","3","4","4","4"," "," ","4","3"," "," "," "," "," ","4","4"," "," "," "," ","3"," "," "," "," ","4"," "," "," "," "," "," ","          ","142718071040------------------91------------------28------------------","50","61","48","38","48","0"
"14","YOUNG                    ","KYLE            ","F","                                        ","US","6F","12","914000010","1","022596","3191234567","BROWN                    ","16","IA","522312030","19960225","27","08","8786","3342    ","          ","             ","141570","40","30","40","40","375","2014","201409","0914","Z","  ","       "," ","29","30","30","30","30","119","--","--","- ","--","- ","--","--","--","--","","1356","15","14","15","16","16","16","15","88","86","87","98","98","94","85","78","71","72","96","97","88","74","--","--","--","--","--","--","        ","20","13","22","20","93","                                                                                                                                                      ","YOUNG.KYLE@YAHOO.COM                              "," ","  "," "," "," "," "," "," "," "," "," "," "," "," "," "," "," "," "," "," "," "," "," "," "," "," "," "," "," "," "," "," "," "," "," "," "," "," "," "," "," "," "," "," "," "," "," "," "," "," "," "," "," "," "," "," "," "," "," "," "," "," "," "," "," "," "," "," "," "," ","          ","828984939287------------------97------------------31------------------","91","94","91","96","95","0"
"14","A                        ","ABCDEFGHIJKLMNOP","J","PO BOX 9998: COLON  AVE                 ","US","4M","10","914000009"," ","100396","          ","NAVAL AIR STATION-MEMPHIS","43","TN","38054    ","19961003","26","08","8486","3342    ","          ","             ","163490","35","37","40","35","367","2014","201206","0612"," ","  ","       "," ","27","30","34","30","30","121","42","64","8 ","43","4 ","38","10","11","12","","1356","14","15","18","14","15","17","18","83","92","99","92","95","97","99","67","85","99","83","91","96","99","21","92","11","24","06","12","        ","64","66","27","27","  ","1  1 31   999999   334         1                1            1233   513114816      92673541213 2638876  4   11  1   1                                 ","A.ABCDEFGHIJKLMNOP@YAHOO.COM                      ","1","01"," "," "," "," "," ","5"," "," ","1","1","3","3","3","1","1","1","2","2","2","3","3","2","1","1","1","2","3","2","2","1","2","3","2","3","3","1","3","3","4","3"," "," "," ","3","4","4"," "," "," "," "," "," ","3","4","4"," "," "," "," ","4"," "," "," "," "," ","4"," "," ","          ","718998939273------------------96------------------30------------------","85","94","99","96","95","0"
"14","ABCDEFGHIJKLMNOPQRSTUVWXY","A               ","A","                                        ","US","6F","07","914000008","1","123179","1987654321","BURNSVILLE               ","24","MN","553378563","19791231","--","--","----","--------","          ","             ","162700","40","40","40","37","392","1997","199212","1292"," ","  ","       "," ","23","26","24","28","25","101","39","51","3 ","43","6 ","47","11","12","01","","1356","12","11","14","12","14","12","13","71","60","81","74","90","69","71","45","27","60","49","79","46","54","13","52","61","24","35","38","        ","21","09","26","27","72","1  1 311  899899   226          1                            113522 5 7111616      93473251613 17466666             1                                 ","ABCDEFGHIJKLMNOPQRSTUVWXY.PQRSTUVWXYZABCDE@YAHOO.C","1","16","2"," "," "," "," "," "," ","7","1","1","1","2","1","1","1","1","3","2","1","3","1","1","1","3","1","1","1","1","3","3","1","1","3","3","3","2","3","3","4","4","4"," ","4","4","4","4"," "," ","4"," ","4","4","3"," ","4","4","4","4"," "," ","4","4"," "," "," "," "," "," ","          ","386747865773------------------96------------------30------------------","68","84","71","93","79","0"
"14","BEST                     ","PETE            ","L","                                        ","US","4M","07","914000007","1","090889","1987654321","XANADU                   ","16","IA","52241    ","19890908","22","07","6151","32      ","          ","             ","164540","38","40","40","40","394","2007","200202","0202"," ","  ","       "," ","23","28","30","25","27","106","63","41","8 ","42","4 ","35","08","09","10","","1356","10","14","16","14","14","15","16","56","86","91","92","90","88","91","23","71","82","83","79","78","82","91","18","11","20","06","07","        ","19","06","25","19","81","1  1 511  690690   115     1  11               1 1          1113752 413112405      94476231513 17388888     1111   1            1 11           1      ","BEST.PETE@YAHOO.COM                               ","1","07","2"," "," "," "," ","5"," "," ","1","1","1","2","1","1","1","1","3","2","1","3","1","1","1","2","1","3","3","2","2","1","1","1","3","3","3","1","3","3","4","4","4"," ","3","4","4","4"," "," ","4"," ","4","4","4"," ","4"," "," "," "," ","4","4","3"," "," "," ","4"," "," ","          ","388184657473------------------96------------------30------------------","68","91","91","84","87","0"
"14","BLAU                     ","JOSEPH          ","D","505 FOX RUN                             ","US","6F","13","914000006"," ","      ","2345678901","COLO-SPRINGS             ","06","CO","80916    ","        ","22","06","6137","32      ","          ","             ","442045","  ","  ","  ","  ","---","2014","201504","0415"," ","  ","       "," ","24","24","21","25","24","094","54","71","2 ","48","3 ","38","10","11","12","","1356","12","12","14","12","09","08","13","71","71","81","74","38","29","71","45","42","60","49","10","06","54","65","98","89","41","24","12","        ","02","03","21","24","76","1  1 311  999780   334  11 1    1                  1         113242 214114433      94364251714 16388886     1111 1  1  1            1  1            1 ","BLAU.BIANCA@YAHOO.COM                             ","1","19","1"," "," "," "," ","5"," "," ","1","1","1","2","3","1","1","1","3","3","1","3","3","1","1","1","1","1","3","2","2","1","3","1","3","3","3","3","1","1"," "," "," "," "," "," "," "," "," "," "," "," "," "," "," "," "," "," "," "," "," "," "," "," "," "," "," "," "," "," ","          ","4647246547------------------------------------------------------------","73","74","54","84","74","0"
"14","BOULDER                  ","DONALD          "," ","                                        ","US","6F","07","914000005","1","      ","5061723456","DENVER                   ","06","CO","80202    ","        ","26","08","8486","3342    ","          ","             ","242738","40","40","40","37","392","2020","201506","0615"," ","  ","       "," ","27","26","23","28","26","104","--","--","- ","--","- ","--","--","--","--","","1356","16","13","16","14","12","15","09","92","79","91","92","72","88","39","87","57","82","83","45","78","12","--","--","--","--","--","--","        ","38","29","31","24","  ","1  1 3 1  395999   324                                       22  77 41311          93       14 16388886 6                          1              1   ","BOULDER.STSTYPE@YAHOO.COM                         ","1","  ","2"," "," "," "," ","5"," "," ","1","1","1","1","1","1","1","1","1","1","1","1","1","1","1","1","1","1","1","1","1","1","1","1","1","2","2","1","3","3","4","4","4","4","4","4","4","4","4","4"," "," ","4","4","3"," ","4","4"," "," "," "," "," ","4","4"," "," "," "," "," ","          ","716740866687------------------97------------------31------------------","85","84","66","93","84","0"
"14","BROWN                    ","AMY             ","D","                                        ","US","6F","09","914000001","2","031500","          ","GRAY                     ","16","IA","52241    ","20000315","26","08","8486","334264  ","          ","             ","160387","40","40","40","40","400","2018","201504","0415"," ","  ","       "," ","28","27","30","24","27","109","49","54","2 ","60","2 ","44","02","03","  ","","1356","17","13","14","15","14","15","17","96","79","81","95","90","88","97","94","57","60","90","79","78","95","46","67","89","83","88","28","        ","39","41","39","22","  ","1  1 311  999890   225          1                      1    1224867 417114405      94164372514 17388888     1       11 11  1    1  1              1   ","BROWN.AMY@YAHOO.COM                               ","1","20","2","1"," "," "," ","5"," "," ","1","1","1","2","1","1","1","1","1","3","3","3","1","1","1","2","1","1","2","1","1","3","2","1","3","3","3","1","3","3","4","4","4"," ","4","4","4","4","4"," "," "," ","4","4","4"," ","4","4"," ","4","4"," "," ","4"," "," "," ","4"," "," ","          ","787584537495------------------98------------------32------------------","88","88","91","77","87","0"
"14","CAREY                    ","ZOIE            ","T","310 SHRADER RD                          ","US","6F","11","-91400001","1","090288","          ","CHICAGO                  ","14","IL","606293597","19880902","30","10","9599","2434    ","          ","             ","142300","40","  ","  ","  ","---","2006","200510","1005"," ","  ","       "," ","30","28","31","25","29","114","--","--","- ","--","- ","--","--","--","--","","1356","17","14","17","13","15","16","17","96","86","96","83","95","94","97","94","71","93","66","91","88","95","--","--","--","--","--","--","        ","29","22","35","24","91","1  1 311  999999   333                        1    1      1 1    77  18 1          9         6 17344444     111   11   11       11111  1            1 ","CAREY.ZOIE@YAHOO.COM                              ","1","  ","3"," "," "," "," "," ","6"," ","1","1","2","3","3","1","1","1","1","2","3","3","2","1","1","3","2","1","1","2","2","3","2","1","3","3","3","3","1","2","4","4"," "," "," "," "," "," "," "," "," "," "," "," "," "," "," "," "," "," "," "," "," "," "," "," "," "," "," "," ","          ","8781886587------------------------------------------------------------","93","91","93","84","93","0"
"14","DRAKE                    ","JOHN            ","E","1200 N/W SLASH AVE                      ","US","6F","10","914000002","2","041583","5061723456","GALENA                   ","26","MO","         ","19830415","--","--","----","--------","          ","             ","164085","40","40","40","40","400","2001","199912","1299"," ","  ","       "," ","34","32","33","31","33","130","--","--","- ","--","- ","--","--","--","--","","1356","17","18","17","17","15","17","17","96","99","96","99","95","97","97","94","99","93","99","91","96","95","--","--","--","--","--","--","        ","44","35","39","32","71","1  1 311  740740   115        11             1     11     1 1112 77  17241614      9    231 13 1738888  8   1111 1111  11  1    1 1111 1 11 11 1 11 1 ","DRAKE.JOHN@YAHOO.COM                              ","1","25","3"," "," "," "," "," "," ","7","1","1","1","2","3","1","1","1","1","2","1","3","1","1","1","1","1","1","2","2","2","2","1","3","1","3","3","1","1","1","4","4","4"," "," ","4","4","4","4"," ","4"," ","4","4","4","4","4","4"," "," "," "," ","4"," ","4"," "," ","4","4","4","          ","979595959899------------------99------------------33------------------","99","97","97","98","99","0"
"14","FAULK                    ","ART             ","S","123 LEFT ( PARENTHESES                  ","US","6F","13","914000004","1","102768","3191234567","MAXIMUM RECORD LENGTHCITY","16","IA","501279443","19681027","--","--","----","--------","2214252522","             ","162655","40","38","40","40","394","1986","198704","0487"," ","  ","       "," ","25","18","--","--","23","---","52","36","4 ","42","7 ","42","04","05","06","","1356","--","--","--","--","--","--","--","--","--","--","--","--","--","--","--","--","--","--","--","--","--","56","08","28","20","75","22","        ","11","12","18","17","51","1  1 31   690690   225  1                                    1125   3 3111614      95463251712 17468666999         1   11  1    1 11              11  ","                                                  ","2","  ","2"," "," "," "," ","5"," "," "," "," "," "," "," "," "," "," "," "," "," "," "," "," "," "," "," "," "," "," "," "," "," "," "," "," "," "," "," "," "," "," "," "," "," "," "," "," "," "," "," "," "," "," "," "," "," "," "," "," "," "," "," "," "," "," "," "," "," "," ","          ","----------------------------------------------------------------------","80","41","--","--","69","0"
